{
	"info": {
		"_postman_id": "e164d402-bf3d-48d7-a853-9dc1c748b030",
		"name": "bsoftlimited",
		"schema": "https://schema.getpostman.com/json/collection/v2.1.0/collection.json",
		"_exporter_id": "25769750"
	},
	"item": [
		{
			"name": "login request",
			"request": {
				"method": "POST",
				"header": [],
				"body": {
					"mode": "raw",
					"raw": "{\n    \"email\" : \"okelekelenobel@gmail.com\",\n    \"password\" : \"rustup247\"\n}",
					"options": {
						"raw": {
							"language": "json"
						}
					}
				},
				"url": {
					"raw": "http://localhost:4000/users/login",
					"protocol": "http",
					"host": [
						"localhost"
					],
					"port": "4000",
					"path": [
						"users",
						"login"
					]
				}
			},
			"response": [
				{
					"name": "login request",
					"originalRequest": {
						"method": "POST",
						"header": [],
						"body": {
							"mode": "raw",
							"raw": "{\n    \"email\" : \"okelekelenobel@gmail.com\",\n    \"password\" : \"Rustup247@\"\n}",
							"options": {
								"raw": {
									"language": "json"
								}
							}
						},
						"url": {
							"raw": "http://localhost:4000/users/login",
							"protocol": "http",
							"host": [
								"localhost"
							],
							"port": "4000",
							"path": [
								"users",
								"login"
							]
						}
					},
					"_postman_previewlanguage": null,
					"header": null,
					"cookie": [],
					"body": null
				}
			]
		},
		{
			"name": "Signup Request",
			"request": {
				"method": "POST",
				"header": [],
				"body": {
					"mode": "raw",
					"raw": "{\n    \"fname\" : \"Okelekele Nobel\",\n    \"username\": \"nobel44\",\n    \"email\" : \"okelekelenobel@gmail.com\",\n    \"phone\" : \"07087952034\",\n    \"password\" : \"rustup247\"\n}",
					"options": {
						"raw": {
							"language": "json"
						}
					}
				},
				"url": {
					"raw": "http://localhost:4000/users",
					"protocol": "http",
					"host": [
						"localhost"
					],
					"port": "4000",
					"path": [
						"users"
					]
				}
			},
			"response": [
				{
					"name": "Signup Request",
					"originalRequest": {
						"method": "POST",
						"header": [],
						"body": {
							"mode": "raw",
							"raw": "{\n    \"fname\" : \"Okelekele Nobel\",\n    \"username\": \"nobel44\",\n    \"email\" : \"okelekelenobel@gmail.com\",\n    \"phone\" : \"07087952034\",\n    \"password\" : \"rustup247\"\n}",
							"options": {
								"raw": {
									"language": "json"
								}
							}
						},
						"url": {
							"raw": "http://localhost:4000/users",
							"protocol": "http",
							"host": [
								"localhost"
							],
							"port": "4000",
							"path": [
								"users"
							]
						}
					},
					"_postman_previewlanguage": null,
					"header": null,
					"cookie": [],
					"body": null
				}
			]
		},
		{
			"name": "init",
			"request": {
				"method": "GET",
				"header": [],
				"url": {
					"raw": "http://localhost:4000/users",
					"protocol": "http",
					"host": [
						"localhost"
					],
					"port": "4000",
					"path": [
						"users"
					]
				}
			},
			"response": []
		}
	]
}